--RECIPE_CATEGORY TABLE INSERT
INSERT INTO RECIPE_CATEGORY(RECIPE_CATEGORY_NO,RECIPE_CATEGORY_NAME) VALUES(RECIPE_CATEGORY_NO_SEQ.NEXTVAL, '레시피국가');
INSERT INTO RECIPE_CATEGORY(RECIPE_CATEGORY_NO,RECIPE_CATEGORY_NAME) VALUES(RECIPE_CATEGORY_NO_SEQ.NEXTVAL, '레시피분류');
INSERT INTO RECIPE_CATEGORY(RECIPE_CATEGORY_NO,RECIPE_CATEGORY_NAME) VALUES(RECIPE_CATEGORY_NO_SEQ.NEXTVAL, '난이도');
------------------------------------------------------------------------------------
--RECIPE_DETAIL TABLE INSERT
INSERT INTO RECIPE_DETAIL(RECIPE_DETAIL_NAME,RECIPE_CATEGORY_NO) VALUES('동남아시아', 1);        --레시피국가
INSERT INTO RECIPE_DETAIL(RECIPE_DETAIL_NAME,RECIPE_CATEGORY_NO) VALUES('서양', 1);
INSERT INTO RECIPE_DETAIL(RECIPE_DETAIL_NAME,RECIPE_CATEGORY_NO) VALUES('이탈리아', 1);
INSERT INTO RECIPE_DETAIL(RECIPE_DETAIL_NAME,RECIPE_CATEGORY_NO) VALUES('일본', 1);
INSERT INTO RECIPE_DETAIL(RECIPE_DETAIL_NAME,RECIPE_CATEGORY_NO) VALUES('중국', 1);
INSERT INTO RECIPE_DETAIL(RECIPE_DETAIL_NAME,RECIPE_CATEGORY_NO) VALUES('퓨전', 1);
INSERT INTO RECIPE_DETAIL(RECIPE_DETAIL_NAME,RECIPE_CATEGORY_NO) VALUES('한식', 1);

INSERT INTO RECIPE_DETAIL(RECIPE_DETAIL_NAME,RECIPE_CATEGORY_NO) VALUES('국', 2);                --레시피분류
INSERT INTO RECIPE_DETAIL(RECIPE_DETAIL_NAME,RECIPE_CATEGORY_NO) VALUES('그라탕/리조또', 2);
INSERT INTO RECIPE_DETAIL(RECIPE_DETAIL_NAME,RECIPE_CATEGORY_NO) VALUES('나물/생채/샐러드', 2);
INSERT INTO RECIPE_DETAIL(RECIPE_DETAIL_NAME,RECIPE_CATEGORY_NO) VALUES('도시락/간식', 2);
INSERT INTO RECIPE_DETAIL(RECIPE_DETAIL_NAME,RECIPE_CATEGORY_NO) VALUES('떡/한과', 2);
INSERT INTO RECIPE_DETAIL(RECIPE_DETAIL_NAME,RECIPE_CATEGORY_NO) VALUES('만두/면류', 2);
INSERT INTO RECIPE_DETAIL(RECIPE_DETAIL_NAME,RECIPE_CATEGORY_NO) VALUES('밑반찬/김치', 2);
INSERT INTO RECIPE_DETAIL(RECIPE_DETAIL_NAME,RECIPE_CATEGORY_NO) VALUES('밥', 2);
INSERT INTO RECIPE_DETAIL(RECIPE_DETAIL_NAME,RECIPE_CATEGORY_NO) VALUES('볶음', 2);
INSERT INTO RECIPE_DETAIL(RECIPE_DETAIL_NAME,RECIPE_CATEGORY_NO) VALUES('부침', 2);
INSERT INTO RECIPE_DETAIL(RECIPE_DETAIL_NAME,RECIPE_CATEGORY_NO) VALUES('빵/과자', 2);
INSERT INTO RECIPE_DETAIL(RECIPE_DETAIL_NAME,RECIPE_CATEGORY_NO) VALUES('샌드위치/햄버거', 2);
INSERT INTO RECIPE_DETAIL(RECIPE_DETAIL_NAME,RECIPE_CATEGORY_NO) VALUES('양념장', 2);
INSERT INTO RECIPE_DETAIL(RECIPE_DETAIL_NAME,RECIPE_CATEGORY_NO) VALUES('양식', 2);
INSERT INTO RECIPE_DETAIL(RECIPE_DETAIL_NAME,RECIPE_CATEGORY_NO) VALUES('음료', 2);
INSERT INTO RECIPE_DETAIL(RECIPE_DETAIL_NAME,RECIPE_CATEGORY_NO) VALUES('조림', 2);
INSERT INTO RECIPE_DETAIL(RECIPE_DETAIL_NAME,RECIPE_CATEGORY_NO) VALUES('찌개/전골/스튜', 2);
INSERT INTO RECIPE_DETAIL(RECIPE_DETAIL_NAME,RECIPE_CATEGORY_NO) VALUES('찜', 2);
INSERT INTO RECIPE_DETAIL(RECIPE_DETAIL_NAME,RECIPE_CATEGORY_NO) VALUES('튀김/커틀릿', 2);
INSERT INTO RECIPE_DETAIL(RECIPE_DETAIL_NAME,RECIPE_CATEGORY_NO) VALUES('피자', 2);
                         
INSERT INTO RECIPE_DETAIL(RECIPE_DETAIL_NAME,RECIPE_CATEGORY_NO) VALUES('보통', 3);    			--레시피난이도
INSERT INTO RECIPE_DETAIL(RECIPE_DETAIL_NAME,RECIPE_CATEGORY_NO) VALUES('어려움', 3); 
INSERT INTO RECIPE_DETAIL(RECIPE_DETAIL_NAME,RECIPE_CATEGORY_NO) VALUES('초보환영', 3); 
------------------------------------------------------------------------------------
--POSTS TABLE INSERT
INSERT INTO POSTS(POST_NO,POST_TYPE_NO,USER_NO,POST_TITLE,POST_CONTENTS,POST_VIEW_COUNTS,POST_DATE) VALUES(POST_NO_SEQ.NEXTVAL, 1, USER_NO_SEQ.CURRVAL, '콩국수가 싫다면 잣국수','시원한 여름국수요리!', 0, SYSDATE); 
INSERT INTO POSTS(POST_NO,POST_TYPE_NO,USER_NO,POST_TITLE,POST_CONTENTS,POST_VIEW_COUNTS,POST_DATE) VALUES(POST_NO_SEQ.NEXTVAL, 1, USER_NO_SEQ.CURRVAL, '에어프라이어 마늘빵','SNS 핫한 트위터 겉바속촉 마늘빵 레시피 ', 0, SYSDATE); 
INSERT INTO POSTS(POST_NO,POST_TYPE_NO,USER_NO,POST_TITLE,POST_CONTENTS,POST_VIEW_COUNTS,POST_DATE) VALUES(POST_NO_SEQ.NEXTVAL, 1, USER_NO_SEQ.CURRVAL, '순두부찌개 황금 레시피','SNS 핫한 트위터 겉바속촉 마늘빵 레시피 ', 0, SYSDATE); 
INSERT INTO POSTS(POST_NO,POST_TYPE_NO,USER_NO,POST_TITLE,POST_CONTENTS,POST_VIEW_COUNTS,POST_DATE) VALUES(POST_NO_SEQ.NEXTVAL, 1, 2, '크림소스 치킨스테이크','영화 줄리앤줄리아에 나오는 요리로 쉽게 만들 수 있는 크림소스 레시피로 집에서 즐기기 좋은 레시피입니다.', 0, SYSDATE); 

-------------------------------------------------------------------------------------
--RECIPES TABLE INSERT
INSERT INTO RECIPES(RECIPES_NO,RECIPES_NANE,POST_NO,RECIPES_CALORIE,RECIPES_COOKING_TIME,RECIPES_NATION,RECIPES_TYPE,RECIPES_LEVEL) VALUES(RECIPES_NO_SEQ.NEXTVAL,'잣국수',POST_NO_SEQ.CURRVAL, 513, 20, '한식', '만두/면류', '초보환영');
INSERT INTO RECIPES(RECIPES_NO,RECIPES_NANE,POST_NO,RECIPES_CALORIE,RECIPES_COOKING_TIME,RECIPES_NATION,RECIPES_TYPE,RECIPES_LEVEL) VALUES(RECIPES_NO_SEQ.NEXTVAL,'마늘빵',POST_NO_SEQ.CURRVAL, 276, 15, '서양', '빵/과자', '초보환영');
INSERT INTO RECIPES(RECIPES_NO,RECIPES_NANE,POST_NO,RECIPES_CALORIE,RECIPES_COOKING_TIME,RECIPES_NATION,RECIPES_TYPE,RECIPES_LEVEL) VALUES(RECIPES_NO_SEQ.NEXTVAL,'순두부찌개',POST_NO_SEQ.CURRVAL, 253, 30, '한식', '찌개/전골/스튜', '보통');
INSERT INTO RECIPES(RECIPES_NO,RECIPES_NANE,POST_NO,RECIPES_CALORIE,RECIPES_COOKING_TIME,RECIPES_NATION,RECIPES_TYPE,RECIPES_LEVEL) VALUES(RECIPES_NO_SEQ.NEXTVAL,'크림소스 치킨스테이크',POST_NO_SEQ.CURRVAL, 433, 30, '서양', '양식', '보통');

-------------------------------------------------------------------------------------
--INGREDIENTS TABLE INSERT
INSERT INTO INGREDIENTS(INGREDIENT_NO,RECIPES_NO,INGREDIENT_NAME,INGREDIENT_SEQ,INGREDIENT_CACTY) VALUES(INGREDIENTS_NO_SEQ.NEXTVAL,RECIPES_NO_SEQ.CURRVAL,'잣',1,'150g');
INSERT INTO INGREDIENTS(INGREDIENT_NO,RECIPES_NO,INGREDIENT_NAME,INGREDIENT_SEQ,INGREDIENT_CACTY) VALUES(INGREDIENTS_NO_SEQ.NEXTVAL,RECIPES_NO_SEQ.CURRVAL,'닭 육수',2,'2+1/2종이컵');
INSERT INTO INGREDIENTS(INGREDIENT_NO,RECIPES_NO,INGREDIENT_NAME,INGREDIENT_SEQ,INGREDIENT_CACTY) VALUES(INGREDIENTS_NO_SEQ.NEXTVAL,RECIPES_NO_SEQ.CURRVAL,'소면',3,'1인분');
INSERT INTO INGREDIENTS(INGREDIENT_NO,RECIPES_NO,INGREDIENT_NAME,INGREDIENT_SEQ,INGREDIENT_CACTY) VALUES(INGREDIENTS_NO_SEQ.NEXTVAL,RECIPES_NO_SEQ.CURRVAL,'오이',4,'1/3개');
INSERT INTO INGREDIENTS(INGREDIENT_NO,RECIPES_NO,INGREDIENT_NAME,INGREDIENT_SEQ,INGREDIENT_CACTY) VALUES(INGREDIENTS_NO_SEQ.NEXTVAL,RECIPES_NO_SEQ.CURRVAL,'소금',5,'약간');

INSERT INTO INGREDIENTS(INGREDIENT_NO,RECIPES_NO,INGREDIENT_NAME,INGREDIENT_SEQ,INGREDIENT_CACTY) VALUES(INGREDIENTS_NO_SEQ.NEXTVAL,RECIPES_NO_SEQ.CURRVAL,'식빵',1,'2장');
INSERT INTO INGREDIENTS(INGREDIENT_NO,RECIPES_NO,INGREDIENT_NAME,INGREDIENT_SEQ,INGREDIENT_CACTY) VALUES(INGREDIENTS_NO_SEQ.NEXTVAL,RECIPES_NO_SEQ.CURRVAL,'마요네즈',2,'3숟갈');
INSERT INTO INGREDIENTS(INGREDIENT_NO,RECIPES_NO,INGREDIENT_NAME,INGREDIENT_SEQ,INGREDIENT_CACTY) VALUES(INGREDIENTS_NO_SEQ.NEXTVAL,RECIPES_NO_SEQ.CURRVAL,'설탕',3,'2숟갈');
INSERT INTO INGREDIENTS(INGREDIENT_NO,RECIPES_NO,INGREDIENT_NAME,INGREDIENT_SEQ,INGREDIENT_CACTY) VALUES(INGREDIENTS_NO_SEQ.NEXTVAL,RECIPES_NO_SEQ.CURRVAL,'다진마늘',4,'1숟갈');
INSERT INTO INGREDIENTS(INGREDIENT_NO,RECIPES_NO,INGREDIENT_NAME,INGREDIENT_SEQ,INGREDIENT_CACTY) VALUES(INGREDIENTS_NO_SEQ.NEXTVAL,RECIPES_NO_SEQ.CURRVAL,'소금',5,'1꼬집');

INSERT INTO INGREDIENTS(INGREDIENT_NO,RECIPES_NO,INGREDIENT_NAME,INGREDIENT_SEQ,INGREDIENT_CACTY) VALUES(INGREDIENTS_NO_SEQ.NEXTVAL,RECIPES_NO_SEQ.CURRVAL,'닭가슴살',1,'2조각');--주재료
INSERT INTO INGREDIENTS(INGREDIENT_NO,RECIPES_NO,INGREDIENT_NAME,INGREDIENT_SEQ,INGREDIENT_CACTY) VALUES(INGREDIENTS_NO_SEQ.NEXTVAL,RECIPES_NO_SEQ.CURRVAL,'올리브유',2,'적당히');
INSERT INTO INGREDIENTS(INGREDIENT_NO,RECIPES_NO,INGREDIENT_NAME,INGREDIENT_SEQ,INGREDIENT_CACTY) VALUES(INGREDIENTS_NO_SEQ.NEXTVAL,RECIPES_NO_SEQ.CURRVAL,'파슬리',3,'약간');
INSERT INTO INGREDIENTS(INGREDIENT_NO,RECIPES_NO,INGREDIENT_NAME,INGREDIENT_SEQ,INGREDIENT_CACTY) VALUES(INGREDIENTS_NO_SEQ.NEXTVAL,RECIPES_NO_SEQ.CURRVAL,'양파',4,'1/2개');
INSERT INTO INGREDIENTS(INGREDIENT_NO,RECIPES_NO,INGREDIENT_NAME,INGREDIENT_SEQ,INGREDIENT_CACTY) VALUES(INGREDIENTS_NO_SEQ.NEXTVAL,RECIPES_NO_SEQ.CURRVAL,'버터',5,'1스푼');
INSERT INTO INGREDIENTS(INGREDIENT_NO,RECIPES_NO,INGREDIENT_NAME,INGREDIENT_SEQ,INGREDIENT_CACTY) VALUES(INGREDIENTS_NO_SEQ.NEXTVAL,RECIPES_NO_SEQ.CURRVAL,'우유',6,'1컵');--크림소스재료
INSERT INTO INGREDIENTS(INGREDIENT_NO,RECIPES_NO,INGREDIENT_NAME,INGREDIENT_SEQ,INGREDIENT_CACTY) VALUES(INGREDIENTS_NO_SEQ.NEXTVAL,RECIPES_NO_SEQ.CURRVAL,'전분가루',7,'2스푼');
INSERT INTO INGREDIENTS(INGREDIENT_NO,RECIPES_NO,INGREDIENT_NAME,INGREDIENT_SEQ,INGREDIENT_CACTY) VALUES(INGREDIENTS_NO_SEQ.NEXTVAL,RECIPES_NO_SEQ.CURRVAL,'소금',8,'소금');
INSERT INTO INGREDIENTS(INGREDIENT_NO,RECIPES_NO,INGREDIENT_NAME,INGREDIENT_SEQ,INGREDIENT_CACTY) VALUES(INGREDIENTS_NO_SEQ.NEXTVAL,RECIPES_NO_SEQ.CURRVAL,'후춧가루',9,'약간');
INSERT INTO INGREDIENTS(INGREDIENT_NO,RECIPES_NO,INGREDIENT_NAME,INGREDIENT_SEQ,INGREDIENT_CACTY) VALUES(INGREDIENTS_NO_SEQ.NEXTVAL,RECIPES_NO_SEQ.CURRVAL,'치킨스톡(생략가능)',10,'1개');

-------------------------------------------------------------------------------------
--IMAGES TABLE INSERT
INSERT INTO IMAGES(IMAGE_URL,POST_NO,IMAGE_SIZE) VALUES('https://recipe1.ezmember.co.kr/cache/recipe/2021/07/15/c78ab39d260bfa1b8d49d4e612a918f31.png',POST_NO_SEQ.CURRVAL,3721); 
INSERT INTO IMAGES(IMAGE_URL,POST_NO,IMAGE_SIZE) VALUES('https://recipe1.ezmember.co.kr/cache/recipe/2021/07/15/72d6a27278d2eb32b960ceafd49ea2741.png',POST_NO_SEQ.CURRVAL,3395); 
INSERT INTO IMAGES(IMAGE_URL,POST_NO,IMAGE_SIZE) VALUES('https://recipe1.ezmember.co.kr/cache/recipe/2021/07/15/85cce2bddd66d150dc77adaf7e877ab41.png',POST_NO_SEQ.CURRVAL,2683); 
INSERT INTO IMAGES(IMAGE_URL,POST_NO,IMAGE_SIZE) VALUES('https://recipe1.ezmember.co.kr/cache/recipe/2021/07/15/7603c22d0bb956f0bfbe3d74df6a66161.png',POST_NO_SEQ.CURRVAL,2573); 

INSERT INTO IMAGES(IMAGE_URL,POST_NO,IMAGE_SIZE) VALUES('https://recipe1.ezmember.co.kr/cache/recipe/2019/12/25/a3c3003d1e1b8b9c5ba1047146de1d8f1.jpg',POST_NO_SEQ.CURRVAL,1542); 
INSERT INTO IMAGES(IMAGE_URL,POST_NO,IMAGE_SIZE) VALUES('https://recipe1.ezmember.co.kr/cache/recipe/2019/12/25/392b401c9c13aac2ae3609b67ba72ed31.jpg',POST_NO_SEQ.CURRVAL,2571); 
INSERT INTO IMAGES(IMAGE_URL,POST_NO,IMAGE_SIZE) VALUES('https://recipe1.ezmember.co.kr/cache/recipe/2019/12/25/f527619b4905735ab8215944771c0e081.jpg',POST_NO_SEQ.CURRVAL,1643); 
INSERT INTO IMAGES(IMAGE_URL,POST_NO,IMAGE_SIZE) VALUES('https://recipe1.ezmember.co.kr/cache/recipe/2019/12/25/584b1fb73b02df4471f5a2f10e388b251.jpg',POST_NO_SEQ.CURRVAL,1924); 

INSERT INTO IMAGES(IMAGE_URL,POST_NO,IMAGE_SIZE) VALUES('https://recipe1.ezmember.co.kr/cache/recipe/2017/09/21/c61060aa1cfb9186c9f052e3da7396881.png',13,3721); 
INSERT INTO IMAGES(IMAGE_URL,POST_NO,IMAGE_SIZE) VALUES('https://recipe1.ezmember.co.kr/cache/recipe/2017/09/21/004ee446b98e781ed713fbfbb5c9f6be1.png',13,3395); 
INSERT INTO IMAGES(IMAGE_URL,POST_NO,IMAGE_SIZE) VALUES('https://recipe1.ezmember.co.kr/cache/recipe/2017/09/21/e64a5cba69c455689cdeb90cfbfefe4e1.png',13,2683); 
INSERT INTO IMAGES(IMAGE_URL,POST_NO,IMAGE_SIZE) VALUES('https://recipe1.ezmember.co.kr/cache/recipe/2017/09/21/127d9dd4cbb9f7da7b8187fb2bb9764a1.png.png',13,2573); 

-------------------------------------------------------------------------------------
--PROCESS TABLE INSERT
INSERT INTO PROCESS(PROCESS_NO,RECIPES_NO,IMAGE_URL,PROCESS_SEQ,PROCESS_DESC,PROCESS_TIP) VALUES(PROCESS_NO_SEQ.NEXTVAL,RECIPES_NO_SEQ.CURRVAL,'https://recipe1.ezmember.co.kr/cache/recipe/2021/07/15/c78ab39d260bfa1b8d49d4e612a918f31.png',1,'오이는 채 썬다.',NULL);
INSERT INTO PROCESS(PROCESS_NO,RECIPES_NO,IMAGE_URL,PROCESS_SEQ,PROCESS_DESC,PROCESS_TIP) VALUES(PROCESS_NO_SEQ.NEXTVAL,RECIPES_NO_SEQ.CURRVAL,'https://recipe1.ezmember.co.kr/cache/recipe/2021/07/15/72d6a27278d2eb32b960ceafd49ea2741.png',2,'믹서에 잣, 닭 육수, 소금을 넣고 곱게 간 후 체에 내린다.','잣 국물은 냉장고에 차게 보관해 주세요.');
INSERT INTO PROCESS(PROCESS_NO,RECIPES_NO,IMAGE_URL,PROCESS_SEQ,PROCESS_DESC,PROCESS_TIP) VALUES(PROCESS_NO_SEQ.NEXTVAL,RECIPES_NO_SEQ.CURRVAL,'https://recipe1.ezmember.co.kr/cache/recipe/2021/07/15/85cce2bddd66d150dc77adaf7e877ab41.png',3,'끓는 물에 소금을 넣고 소면을 넣어 삶는다.','찬물을 조금씩 넣어가며 삶으면 면이 더 쫄긴해져요');
INSERT INTO PROCESS(PROCESS_NO,RECIPES_NO,IMAGE_URL,PROCESS_SEQ,PROCESS_DESC,PROCESS_TIP) VALUES(PROCESS_NO_SEQ.NEXTVAL,RECIPES_NO_SEQ.CURRVAL,'https://recipe1.ezmember.co.kr/cache/recipe/2021/07/15/c78ab39d260bfa1b8d49d4e612a918f31.png',4,'그릇에 삶은 소면을 담고 잣 국물을 넉넉히 부은 후 채 썬 오이를 올려 완성한다.',NULL);

INSERT INTO PROCESS(PROCESS_NO,RECIPES_NO,IMAGE_URL,PROCESS_SEQ,PROCESS_DESC,PROCESS_TIP) VALUES(PROCESS_NO_SEQ.NEXTVAL,RECIPES_NO_SEQ.CURRVAL,'https://recipe1.ezmember.co.kr/cache/recipe/2019/12/25/a3c3003d1e1b8b9c5ba1047146de1d8f1.jpg',1,'그릇에 마요네즈, 설탕, 소금, 다진마늘을 넣고 골고루 섞어주세요.','설탕, 소금, 마늘, 마요네즈 순서로 계량하면 숟갈 한개로 끝나요 :) 설탕은 다 녹이는게 아니라 재료가 서로 골고루 섞일정도만');
INSERT INTO PROCESS(PROCESS_NO,RECIPES_NO,IMAGE_URL,PROCESS_SEQ,PROCESS_DESC,PROCESS_TIP) VALUES(PROCESS_NO_SEQ.NEXTVAL,RECIPES_NO_SEQ.CURRVAL,'https://recipe1.ezmember.co.kr/cache/recipe/2019/12/25/392b401c9c13aac2ae3609b67ba72ed31.jpg',2,'소스를 2등분하여 빵에 골고루 펴발라주세요.','소스가 도톰하게 발려야 겉은 바삭하고 속은 쫀득해요. 식빵도 좋고 바게트빵도 좋아요');
INSERT INTO PROCESS(PROCESS_NO,RECIPES_NO,IMAGE_URL,PROCESS_SEQ,PROCESS_DESC,PROCESS_TIP) VALUES(PROCESS_NO_SEQ.NEXTVAL,RECIPES_NO_SEQ.CURRVAL,'https://recipe1.ezmember.co.kr/cache/recipe/2019/12/25/f527619b4905735ab8215944771c0e081.jpg',3,'에어프라이어에 넣고 180℃에서 8분간 구워주세요.','위가 살짝 노릇할정도만 구워야 속이 쫀득합니다.');
INSERT INTO PROCESS(PROCESS_NO,RECIPES_NO,IMAGE_URL,PROCESS_SEQ,PROCESS_DESC,PROCESS_TIP) VALUES(PROCESS_NO_SEQ.NEXTVAL,RECIPES_NO_SEQ.CURRVAL,'https://recipe1.ezmember.co.kr/cache/recipe/2019/12/25/584b1fb73b02df4471f5a2f10e388b251.jpg',4,'막 구워진 상태에서 먹어야 가장 맛이 좋습니다.',NULL);

INSERT INTO PROCESS(PROCESS_NO,RECIPES_NO,IMAGE_URL,PROCESS_SEQ,PROCESS_DESC,PROCESS_TIP) VALUES(PROCESS_NO_SEQ.NEXTVAL,RECIPES_NO_SEQ.CURRVAL,'https://recipe1.ezmember.co.kr/cache/recipe/2017/09/21/c61060aa1cfb9186c9f052e3da7396881.png',1,'양파볶기: 버터를 녹인 후라이팬에 양파를 볶아주세요.', NULL);
INSERT INTO PROCESS(PROCESS_NO,RECIPES_NO,IMAGE_URL,PROCESS_SEQ,PROCESS_DESC,PROCESS_TIP) VALUES(PROCESS_NO_SEQ.NEXTVAL,RECIPES_NO_SEQ.CURRVAL,'https://recipe1.ezmember.co.kr/cache/recipe/2017/09/21/004ee446b98e781ed713fbfbb5c9f6be1.png',2,'소스만들기: 양파가 투명해지면 우유와 전분가루, 치킨스톡, 후추, 소금을 넣고 졸여주세요.', NULL);
INSERT INTO PROCESS(PROCESS_NO,RECIPES_NO,IMAGE_URL,PROCESS_SEQ,PROCESS_DESC,PROCESS_TIP) VALUES(PROCESS_NO_SEQ.NEXTVAL,RECIPES_NO_SEQ.CURRVAL,'https://recipe1.ezmember.co.kr/cache/recipe/2017/09/21/e64a5cba69c455689cdeb90cfbfefe4e1.png',3,'닭가슴살 굽기: 다른 후라이팬에 올리브융를 두르고 닭가슴살을 앞뒤로 구워주세요.',NULL);
INSERT INTO PROCESS(PROCESS_NO,RECIPES_NO,IMAGE_URL,PROCESS_SEQ,PROCESS_DESC,PROCESS_TIP) VALUES(PROCESS_NO_SEQ.NEXTVAL,RECIPES_NO_SEQ.CURRVAL,'https://recipe1.ezmember.co.kr/cache/recipe/2017/09/21/127d9dd4cbb9f7da7b8187fb2bb9764a1.png.png',4,'완성: 접시에 닭가슴살을 담고 소스를 올리고 파슬리를 뿌려주면 완성',NULL);

------------------------------------------------------------------------------------- 



